company_id,year,CFO_sign,CFI_sign,CFF_sign,pattern_label
ABB,2012-12,+,-,-,Reinvestor
ABB,2014-03,+,+,+,Cash Accumulation
ABB,2015-03,-,-,+,Distress
ABB,2016-03,+,-,-,Reinvestor
ABB,2017-03,+,-,-,Reinvestor
ABB,2018-03,+,-,+,Growth Expansion
ABB,2019-03,+,-,+,Growth Expansion
ABB,2020-03,+,-,+,Growth Expansion
ABB,2021-03,+,-,-,Reinvestor
ABB,2022-03,+,-,-,Reinvestor
ABB,2023-03,+,-,+,Growth Expansion
ABB,2024-03,+,-,-,Reinvestor
ABB,2024-09,+,+,+,Cash Accumulation
ADANIENSOL,2014-03,+,+,+,Cash Accumulation
ADANIENSOL,2015-03,-,-,+,Distress
ADANIENSOL,2016-03,+,-,-,Reinvestor
ADANIENSOL,2017-03,+,-,-,Reinvestor
ADANIENSOL,2018-03,+,-,+,Growth Expansion
ADANIENSOL,2019-03,+,-,+,Growth Expansion
ADANIENSOL,2020-03,+,-,+,Growth Expansion
ADANIENSOL,2021-03,+,-,-,Reinvestor
ADANIENSOL,2022-03,+,-,-,Reinvestor
ADANIENSOL,2023-03,+,-,+,Growth Expansion
ADANIENSOL,2024-03,+,-,-,Reinvestor
ADANIENSOL,2024-09,+,+,+,Cash Accumulation
ADANIENT,2013-03,+,-,+,Growth Expansion
ADANIENT,2014-03,+,-,-,Reinvestor
ADANIENT,2015-03,+,-,+,Growth Expansion
ADANIENT,2016-03,+,-,-,Shareholder Returns
ADANIENT,2017-03,+,-,+,Growth Expansion
ADANIENT,2018-03,+,-,+,Growth Expansion
ADANIENT,2019-03,+,+,-,Divest & Repay
ADANIENT,2020-03,+,-,-,Reinvestor
ADANIENT,2021-03,+,-,+,Growth Expansion
ADANIENT,2022-03,+,-,+,Growth Expansion
ADANIENT,2023-03,+,-,-,Reinvestor
ADANIENT,2024-03,+,-,+,Growth Expansion
ADANIENT,2024-09,+,+,+,Cash Accumulation
ADANIGREEN,2017-03,+,-,+,Growth Expansion
ADANIGREEN,2018-03,+,-,+,Growth Expansion
ADANIGREEN,2019-03,+,-,+,Growth Expansion
ADANIGREEN,2020-03,+,-,+,Growth Expansion
ADANIGREEN,2021-03,+,-,+,Growth Expansion
ADANIGREEN,2022-03,+,-,+,Growth Expansion
ADANIGREEN,2023-03,+,-,-,Reinvestor
ADANIGREEN,2024-03,+,-,+,Growth Expansion
ADANIGREEN,2024-09,+,+,+,Cash Accumulation
ADANIPORTS,2013-03,+,-,+,Growth Expansion
ADANIPORTS,2014-03,+,-,+,Growth Expansion
ADANIPORTS,2015-03,+,-,-,Reinvestor
ADANIPORTS,2016-03,+,-,+,Growth Expansion
ADANIPORTS,2017-03,+,-,-,Reinvestor
ADANIPORTS,2018-03,+,-,-,Reinvestor
ADANIPORTS,2019-03,+,-,+,Growth Expansion
ADANIPORTS,2020-03,+,-,-,Shareholder Returns
ADANIPORTS,2021-03,+,-,+,Growth Expansion
ADANIPORTS,2022-03,+,-,-,Reinvestor
ADANIPORTS,2023-03,+,-,-,Reinvestor
ADANIPORTS,2024-03,+,-,-,Shareholder Returns
ADANIPORTS,2024-09,+,+,+,Cash Accumulation
ADANIPOWER,2013-03,+,-,+,Growth Expansion
ADANIPOWER,2014-03,+,-,+,Growth Expansion
ADANIPOWER,2015-03,+,-,-,Reinvestor
ADANIPOWER,2016-03,+,-,-,Shareholder Returns
ADANIPOWER,2017-03,+,-,-,Shareholder Returns
ADANIPOWER,2018-03,+,-,-,Shareholder Returns
ADANIPOWER,2019-03,+,-,-,Shareholder Returns
ADANIPOWER,2020-03,+,-,-,Shareholder Returns
ADANIPOWER,2021-03,+,-,-,Shareholder Returns
ADANIPOWER,2022-03,+,+,-,Divest & Repay
ADANIPOWER,2023-03,+,+,-,Divest & Repay
ADANIPOWER,2024-03,+,+,-,Divest & Repay
ADANIPOWER,2024-09,+,+,+,Cash Accumulation
AMBUJACEM,2012-12,+,-,-,Shareholder Returns
AMBUJACEM,2013-12,+,-,-,Shareholder Returns
AMBUJACEM,2014-12,+,-,-,Shareholder Returns
AMBUJACEM,2015-03,+,+,+,Cash Accumulation
AMBUJACEM,2015-12,+,-,-,Shareholder Returns
AMBUJACEM,2016-12,+,-,-,Reinvestor
AMBUJACEM,2017-12,+,-,-,Shareholder Returns
AMBUJACEM,2018-12,+,-,-,Reinvestor
AMBUJACEM,2019-12,+,-,-,Reinvestor
AMBUJACEM,2020-12,+,-,-,Shareholder Returns
AMBUJACEM,2021-12,+,-,-,Reinvestor
AMBUJACEM,2023-03,+,-,+,Growth Expansion
AMBUJACEM,2024-03,+,-,+,Growth Expansion
AMBUJACEM,2024-09,+,+,+,Cash Accumulation
APOLLOHOSP,2013-03,+,-,+,Growth Expansion
APOLLOHOSP,2014-03,+,-,-,Reinvestor
APOLLOHOSP,2015-03,+,-,+,Growth Expansion
APOLLOHOSP,2016-03,+,-,+,Growth Expansion
APOLLOHOSP,2017-03,+,-,+,Growth Expansion
APOLLOHOSP,2018-03,+,-,-,Reinvestor
APOLLOHOSP,2019-03,+,-,-,Reinvestor
APOLLOHOSP,2020-03,+,-,-,Shareholder Returns
APOLLOHOSP,2021-03,+,-,-,Reinvestor
APOLLOHOSP,2022-03,+,-,-,Shareholder Returns
APOLLOHOSP,2023-03,+,-,-,Reinvestor
APOLLOHOSP,2024-03,+,-,-,Reinvestor
APOLLOHOSP,2024-09,+,+,+,Cash Accumulation
ASIANPAINT,2013-03,+,-,-,Shareholder Returns
ASIANPAINT,2014-03,+,-,-,Shareholder Returns
ASIANPAINT,2015-03,+,-,-,Shareholder Returns
ASIANPAINT,2016-03,+,-,-,Reinvestor
ASIANPAINT,2017-03,+,-,-,Shareholder Returns
ASIANPAINT,2018-03,+,-,-,Reinvestor
ASIANPAINT,2019-03,+,-,-,Shareholder Returns
ASIANPAINT,2020-03,+,-,-,Shareholder Returns
ASIANPAINT,2021-03,+,-,-,Shareholder Returns
ASIANPAINT,2022-03,+,-,-,Shareholder Returns
ASIANPAINT,2023-03,+,-,-,Shareholder Returns
ASIANPAINT,2024-03,+,-,-,Shareholder Returns
ASIANPAINT,2024-09,+,+,+,Cash Accumulation
ATGL,2018-03,+,+,+,Cash Accumulation
ATGL,2019-03,+,+,+,Cash Accumulation
ATGL,2020-03,+,+,+,Cash Accumulation
ATGL,2021-03,+,+,+,Cash Accumulation
ATGL,2022-03,+,+,+,Cash Accumulation
ATGL,2023-03,+,+,+,Cash Accumulation
ATGL,2024-03,+,+,+,Cash Accumulation
ATGL,2024-09,+,+,+,Cash Accumulation
AXISBANK,2013-03,+,-,+,Growth Expansion
AXISBANK,2014-03,+,-,+,Growth Expansion
AXISBANK,2015-03,-,-,+,Distress
AXISBANK,2016-03,-,+,+,Distress
AXISBANK,2017-03,+,-,-,Reinvestor
AXISBANK,2018-03,-,-,+,Distress
AXISBANK,2019-03,+,-,+,Growth Expansion
AXISBANK,2020-03,+,-,+,Growth Expansion
AXISBANK,2021-03,+,-,+,Growth Expansion
AXISBANK,2022-03,+,-,+,Growth Expansion
AXISBANK,2023-03,+,-,+,Growth Expansion
AXISBANK,2024-03,-,-,+,Distress
BAJAJ-AUTO,2013-03,+,-,-,Shareholder Returns
BAJAJ-AUTO,2014-03,+,-,-,Reinvestor
BAJAJ-AUTO,2015-03,+,-,-,Shareholder Returns
BAJAJ-AUTO,2016-03,+,-,-,Shareholder Returns
BAJAJ-AUTO,2017-03,+,-,-,Reinvestor
BAJAJ-AUTO,2018-03,+,-,-,Reinvestor
BAJAJ-AUTO,2019-03,+,-,-,Shareholder Returns
BAJAJ-AUTO,2020-03,+,+,-,Divest & Repay
BAJAJ-AUTO,2021-03,+,-,-,Reinvestor
BAJAJ-AUTO,2022-03,+,+,-,Divest & Repay
BAJAJ-AUTO,2023-03,+,+,-,Divest & Repay
BAJAJ-AUTO,2024-03,+,-,-,Shareholder Returns
BAJAJ-AUTO,2024-09,+,+,+,Cash Accumulation
BAJAJFINSV,2013-03,-,+,+,Distress
BAJAJFINSV,2014-03,-,+,+,Distress
BAJAJFINSV,2015-03,-,+,+,Distress
BAJAJFINSV,2016-03,-,-,+,Distress
BAJAJFINSV,2017-03,-,+,+,Distress
BAJAJFINSV,2018-03,-,-,+,Distress
BAJAJFINSV,2019-03,-,-,+,Distress
BAJAJFINSV,2020-03,-,-,+,Distress
BAJAJFINSV,2021-03,+,-,+,Growth Expansion
BAJAJFINSV,2022-03,-,+,+,Distress
BAJAJFINSV,2023-03,-,-,+,Distress
BAJAJFINSV,2024-03,-,-,+,Distress
BAJAJFINSV,2024-09,+,+,+,Cash Accumulation
BAJAJHLDNG,2013-03,+,-,-,Reinvestor
BAJAJHLDNG,2014-03,+,-,-,Reinvestor
BAJAJHLDNG,2015-03,+,-,-,Reinvestor
BAJAJHLDNG,2016-03,+,+,-,Divest & Repay
BAJAJHLDNG,2017-03,-,-,-,Distress (Cash Burn)
BAJAJHLDNG,2018-03,+,-,-,Reinvestor
BAJAJHLDNG,2019-03,+,-,-,Shareholder Returns
BAJAJHLDNG,2020-03,+,-,-,Shareholder Returns
BAJAJHLDNG,2021-03,+,-,-,Reinvestor
BAJAJHLDNG,2022-03,+,-,-,Shareholder Returns
BAJAJHLDNG,2023-03,+,-,-,Shareholder Returns
BAJAJHLDNG,2024-03,+,-,-,Shareholder Returns
BAJAJHLDNG,2024-09,+,+,+,Cash Accumulation
BAJFINANCE,2015-03,-,-,+,Distress
BAJFINANCE,2016-03,-,-,+,Distress
BAJFINANCE,2017-03,-,-,+,Distress
BAJFINANCE,2018-03,-,+,+,Distress
BAJFINANCE,2019-03,-,-,+,Distress
BAJFINANCE,2020-03,-,-,+,Distress
BAJFINANCE,2021-03,-,-,+,Distress
BAJFINANCE,2022-03,-,+,+,Distress
BAJFINANCE,2023-03,-,-,+,Distress
BAJFINANCE,2024-03,-,-,+,Distress
BAJFINANCE,2024-09,+,+,+,Cash Accumulation
BANKBARODA,2013-03,+,-,-,Shareholder Returns
BANKBARODA,2014-03,+,-,+,Growth Expansion
BANKBARODA,2015-03,+,-,-,Reinvestor
BANKBARODA,2016-03,-,-,-,Distress (Cash Burn)
BANKBARODA,2017-03,+,-,-,Reinvestor
BANKBARODA,2018-03,-,-,+,Distress
BANKBARODA,2019-03,-,-,+,Distress
BANKBARODA,2020-03,+,-,+,Growth Expansion
BANKBARODA,2021-03,-,-,-,Distress (Cash Burn)
BANKBARODA,2022-03,+,-,-,Reinvestor
BANKBARODA,2023-03,-,-,-,Distress (Cash Burn)
BANKBARODA,2024-03,-,-,+,Distress
BEL,2013-03,-,+,-,Restructuring
BEL,2014-03,-,+,-,Restructuring
BEL,2015-03,+,-,-,Reinvestor
BEL,2016-03,+,-,-,Reinvestor
BEL,2017-03,-,+,-,Restructuring
BEL,2018-03,-,-,-,Distress (Cash Burn)
BEL,2019-03,+,-,-,Reinvestor
BEL,2020-03,+,-,-,Shareholder Returns
BEL,2021-03,+,-,-,Reinvestor
BEL,2022-03,+,-,-,Reinvestor
BEL,2023-03,+,+,-,Divest & Repay
BEL,2024-03,+,-,-,Reinvestor
BEL,2024-09,+,+,+,Cash Accumulation
BHARTIARTL,2013-03,+,-,-,Reinvestor
BHARTIARTL,2014-03,+,-,+,Growth Expansion
BHARTIARTL,2015-03,+,-,-,Reinvestor
BHARTIARTL,2016-03,+,-,-,Reinvestor
BHARTIARTL,2017-03,+,-,-,Reinvestor
BHARTIARTL,2018-03,+,-,+,Growth Expansion
BHARTIARTL,2019-03,+,-,+,Growth Expansion
BHARTIARTL,2020-03,+,-,+,Growth Expansion
BHARTIARTL,2021-03,+,-,-,Reinvestor
BHARTIARTL,2022-03,+,-,-,Reinvestor
BHARTIARTL,2023-03,+,-,-,Reinvestor
BHARTIARTL,2024-03,+,-,-,Reinvestor
BHARTIARTL,2024-09,+,+,+,Cash Accumulation
BHEL,2013-03,+,-,+,Growth Expansion
BHEL,2014-03,+,-,+,Growth Expansion
BHEL,2015-03,+,+,-,Divest & Repay
BHEL,2016-03,+,+,-,Divest & Repay
BHEL,2017-03,+,-,-,Reinvestor
BHEL,2018-03,+,+,-,Divest & Repay
BHEL,2019-03,-,+,-,Restructuring
BHEL,2020-03,-,+,+,Distress
BHEL,2021-03,+,-,-,Shareholder Returns
BHEL,2022-03,+,-,-,Reinvestor
BHEL,2023-03,-,+,+,Distress
BHEL,2024-03,-,+,+,Distress
BHEL,2024-09,+,+,+,Cash Accumulation
BOSCHLTD,2012-12,+,-,-,Reinvestor
BOSCHLTD,2013-12,+,-,-,Reinvestor
BOSCHLTD,2015-03,+,-,-,Reinvestor
BOSCHLTD,2016-03,+,-,-,Reinvestor
BOSCHLTD,2017-03,+,+,-,Divest & Repay
BOSCHLTD,2018-03,+,-,-,Reinvestor
BOSCHLTD,2019-03,+,+,-,Divest & Repay
BOSCHLTD,2020-03,+,-,-,Reinvestor
BOSCHLTD,2021-03,+,-,-,Reinvestor
BOSCHLTD,2022-03,+,-,-,Shareholder Returns
BOSCHLTD,2023-03,+,+,-,Divest & Repay
BOSCHLTD,2024-03,+,+,-,Divest & Repay
BOSCHLTD,2024-09,+,+,+,Cash Accumulation
BPCL,2013-03,+,-,-,Reinvestor
BPCL,2014-03,+,-,-,Reinvestor
BPCL,2015-03,+,-,-,Reinvestor
BPCL,2016-03,+,-,-,Reinvestor
BPCL,2017-03,+,-,+,Growth Expansion
BPCL,2018-03,+,-,-,Reinvestor
BPCL,2019-03,+,-,+,Growth Expansion
BPCL,2020-03,+,-,+,Growth Expansion
BPCL,2021-03,+,-,-,Shareholder Returns
BPCL,2022-03,+,-,-,Shareholder Returns
BPCL,2023-03,+,-,-,Reinvestor
BPCL,2024-03,+,-,-,Shareholder Returns
BPCL,2024-09,+,+,+,Cash Accumulation
BRITANNIA,2013-03,+,+,-,Divest & Repay
BRITANNIA,2014-03,+,-,-,Shareholder Returns
BRITANNIA,2015-03,+,-,-,Reinvestor
BRITANNIA,2016-03,+,-,-,Reinvestor
BRITANNIA,2017-03,+,-,-,Shareholder Returns
BRITANNIA,2018-03,+,-,-,Reinvestor
BRITANNIA,2019-03,+,-,-,Reinvestor
BRITANNIA,2020-03,+,-,+,Growth Expansion
BRITANNIA,2021-03,+,+,-,Divest & Repay
BRITANNIA,2022-03,+,+,-,Divest & Repay
BRITANNIA,2023-03,+,-,-,Reinvestor
BRITANNIA,2024-03,+,+,-,Divest & Repay
BRITANNIA,2024-09,+,+,+,Cash Accumulation
CANBK,2013-03,+,-,-,Shareholder Returns
CANBK,2014-03,+,-,-,Shareholder Returns
CANBK,2015-03,+,-,-,Shareholder Returns
CANBK,2016-03,+,-,-,Shareholder Returns
CANBK,2017-03,+,-,+,Growth Expansion
CANBK,2018-03,-,-,+,Distress
CANBK,2019-03,+,-,-,Shareholder Returns
CANBK,2020-03,-,-,+,Distress
CANBK,2021-03,+,-,+,Growth Expansion
CANBK,2022-03,+,-,+,Growth Expansion
CANBK,2023-03,-,-,+,Distress
CANBK,2024-03,+,-,-,Shareholder Returns
CHOLAFIN,2013-03,-,+,+,Distress
CHOLAFIN,2014-03,-,-,+,Distress
CHOLAFIN,2015-03,-,-,+,Distress
CHOLAFIN,2016-03,-,-,+,Distress
CHOLAFIN,2017-03,-,-,+,Distress
CHOLAFIN,2018-03,-,-,+,Distress
CHOLAFIN,2019-03,-,-,+,Distress
CHOLAFIN,2020-03,-,-,+,Distress
CHOLAFIN,2021-03,-,-,+,Distress
CHOLAFIN,2022-03,-,+,+,Distress
CHOLAFIN,2023-03,-,-,+,Distress
CHOLAFIN,2024-03,-,-,+,Distress
CHOLAFIN,2024-09,+,+,+,Cash Accumulation
CIPLA,2013-03,+,-,+,Growth Expansion
CIPLA,2014-03,+,-,-,Reinvestor
CIPLA,2015-03,+,-,+,Growth Expansion
CIPLA,2016-03,+,-,+,Growth Expansion
CIPLA,2017-03,+,-,-,Shareholder Returns
CIPLA,2018-03,+,-,-,Reinvestor
CIPLA,2019-03,+,-,-,Reinvestor
CIPLA,2020-03,+,+,-,Divest & Repay
CIPLA,2021-03,+,-,-,Reinvestor
CIPLA,2022-03,+,-,-,Reinvestor
CIPLA,2023-03,+,-,-,Reinvestor
CIPLA,2024-03,+,-,-,Reinvestor
CIPLA,2024-09,+,+,+,Cash Accumulation
COALINDIA,2013-03,+,-,-,Shareholder Returns
COALINDIA,2014-03,+,+,-,Divest & Repay
COALINDIA,2015-03,+,+,-,Divest & Repay
COALINDIA,2016-03,+,+,-,Divest & Repay
COALINDIA,2017-03,+,+,-,Divest & Repay
COALINDIA,2018-03,+,-,-,Shareholder Returns
COALINDIA,2019-03,+,-,-,Shareholder Returns
COALINDIA,2020-03,+,+,-,Divest & Repay
COALINDIA,2021-03,+,+,-,Divest & Repay
COALINDIA,2022-03,+,-,-,Reinvestor
COALINDIA,2023-03,+,-,-,Reinvestor
COALINDIA,2024-03,+,-,-,Shareholder Returns
COALINDIA,2024-09,+,+,+,Cash Accumulation
DABUR,2013-03,+,-,-,Reinvestor
DABUR,2014-03,+,-,-,Shareholder Returns
DABUR,2015-03,+,-,-,Reinvestor
DABUR,2016-03,+,-,-,Reinvestor
DABUR,2017-03,+,-,-,Reinvestor
DABUR,2018-03,+,-,-,Shareholder Returns
DABUR,2019-03,+,+,-,Divest & Repay
DABUR,2020-03,+,-,-,Shareholder Returns
DABUR,2021-03,+,-,-,Reinvestor
DABUR,2022-03,+,-,-,Reinvestor
DABUR,2023-03,+,-,-,Shareholder Returns
DABUR,2024-03,+,-,-,Shareholder Returns
DABUR,2024-09,+,+,+,Cash Accumulation
DIVISLAB,2013-03,+,-,-,Reinvestor
DIVISLAB,2014-03,+,-,-,Reinvestor
DIVISLAB,2015-03,+,-,-,Reinvestor
DIVISLAB,2016-03,+,-,-,Shareholder Returns
DIVISLAB,2017-03,+,-,+,Growth Expansion
DIVISLAB,2018-03,+,-,-,Reinvestor
DIVISLAB,2019-03,+,-,-,Reinvestor
DIVISLAB,2020-03,+,-,-,Shareholder Returns
DIVISLAB,2021-03,+,+,-,Divest & Repay
DIVISLAB,2022-03,+,-,-,Reinvestor
DIVISLAB,2023-03,+,-,-,Reinvestor
DIVISLAB,2024-03,+,-,-,Shareholder Returns
DIVISLAB,2024-09,+,+,+,Cash Accumulation
DLF,2013-03,+,+,-,Divest & Repay
DLF,2014-03,+,+,-,Divest & Repay
DLF,2015-03,+,+,-,Divest & Repay
DLF,2016-03,+,-,-,Shareholder Returns
DLF,2017-03,-,+,+,Distress
DLF,2018-03,+,-,-,Reinvestor
DLF,2019-03,+,+,+,Cash Accumulation
DLF,2020-03,+,+,-,Divest & Repay
DLF,2021-03,+,+,-,Divest & Repay
DLF,2022-03,+,+,-,Divest & Repay
DLF,2023-03,+,-,-,Shareholder Returns
DLF,2024-03,+,-,+,Growth Expansion
DLF,2024-09,+,+,+,Cash Accumulation
DMART,2013-03,+,-,+,Growth Expansion
DMART,2014-03,+,-,+,Growth Expansion
DMART,2015-03,+,-,+,Growth Expansion
DMART,2016-03,+,-,+,Growth Expansion
DMART,2017-03,+,-,+,Growth Expansion
DMART,2018-03,+,+,-,Divest & Repay
DMART,2019-03,+,-,+,Growth Expansion
DMART,2020-03,+,-,+,Growth Expansion
DMART,2021-03,+,-,-,Reinvestor
DMART,2022-03,+,-,-,Reinvestor
DMART,2023-03,+,-,-,Reinvestor
DMART,2024-03,+,-,-,Reinvestor
DMART,2024-09,+,+,+,Cash Accumulation
DRREDDY,2013-03,+,-,-,Reinvestor
DRREDDY,2014-03,+,-,-,Reinvestor
DRREDDY,2015-03,+,-,-,Reinvestor
DRREDDY,2016-03,+,-,-,Shareholder Returns
DRREDDY,2017-03,+,-,-,Reinvestor
DRREDDY,2018-03,+,-,-,Reinvestor
DRREDDY,2019-03,+,-,-,Shareholder Returns
DRREDDY,2020-03,+,-,-,Shareholder Returns
DRREDDY,2021-03,+,-,-,Reinvestor
DRREDDY,2022-03,+,-,-,Reinvestor
DRREDDY,2023-03,+,-,-,Reinvestor
DRREDDY,2024-03,+,-,-,Reinvestor
DRREDDY,2024-09,+,+,+,Cash Accumulation
EICHERMOT,2012-12,+,-,-,Reinvestor
EICHERMOT,2013-12,+,-,-,Reinvestor
EICHERMOT,2014-12,+,-,-,Reinvestor
EICHERMOT,2016-03,+,-,-,Reinvestor
EICHERMOT,2017-03,+,-,+,Growth Expansion
EICHERMOT,2018-03,+,-,-,Reinvestor
EICHERMOT,2019-03,+,-,-,Reinvestor
EICHERMOT,2020-03,+,-,-,Reinvestor
EICHERMOT,2021-03,+,-,-,Reinvestor
EICHERMOT,2022-03,+,-,-,Reinvestor
EICHERMOT,2023-03,+,-,-,Reinvestor
EICHERMOT,2024-03,+,-,-,Reinvestor
EICHERMOT,2024-09,+,+,+,Cash Accumulation
GAIL,2013-03,+,-,+,Growth Expansion
GAIL,2014-03,+,-,-,Reinvestor
GAIL,2015-03,+,-,-,Shareholder Returns
GAIL,2016-03,+,-,-,Shareholder Returns
GAIL,2017-03,+,-,-,Shareholder Returns
GAIL,2018-03,+,-,-,Shareholder Returns
GAIL,2019-03,+,-,-,Reinvestor
GAIL,2020-03,+,-,+,Growth Expansion
GAIL,2021-03,+,-,-,Reinvestor
GAIL,2022-03,+,-,-,Reinvestor
GAIL,2023-03,+,-,+,Growth Expansion
GAIL,2024-03,+,-,-,Reinvestor
GAIL,2024-09,+,+,+,Cash Accumulation
GODREJCP,2013-03,+,-,+,Growth Expansion
GODREJCP,2014-03,+,-,-,Shareholder Returns
GODREJCP,2015-03,+,-,-,Reinvestor
GODREJCP,2016-03,+,-,-,Reinvestor
GODREJCP,2017-03,+,-,+,Growth Expansion
GODREJCP,2018-03,+,-,-,Shareholder Returns
GODREJCP,2019-03,+,+,-,Divest & Repay
GODREJCP,2020-03,+,-,-,Shareholder Returns
GODREJCP,2021-03,+,-,-,Shareholder Returns
GODREJCP,2022-03,+,-,-,Reinvestor
GODREJCP,2023-03,+,-,-,Reinvestor
GODREJCP,2024-03,+,-,+,Growth Expansion
GODREJCP,2024-09,+,+,+,Cash Accumulation
GRASIM,2013-03,+,-,+,Growth Expansion
GRASIM,2014-03,+,-,-,Reinvestor
GRASIM,2015-03,+,-,-,Reinvestor
GRASIM,2016-03,+,-,-,Reinvestor
GRASIM,2017-03,+,-,-,Shareholder Returns
GRASIM,2018-03,-,+,+,Distress
GRASIM,2019-03,-,-,+,Distress
GRASIM,2020-03,+,-,-,Reinvestor
GRASIM,2021-03,+,-,-,Shareholder Returns
GRASIM,2022-03,+,-,-,Shareholder Returns
GRASIM,2023-03,-,-,+,Distress
GRASIM,2024-03,-,-,+,Distress
GRASIM,2024-09,+,+,+,Cash Accumulation
HAL,2013-03,+,+,+,Cash Accumulation
HAL,2014-03,+,+,+,Cash Accumulation
HAL,2015-03,+,+,+,Cash Accumulation
HAL,2016-03,+,+,+,Cash Accumulation
HAL,2017-03,-,+,-,Restructuring
HAL,2018-03,-,+,-,Restructuring
HAL,2019-03,-,+,+,Distress
HAL,2020-03,+,-,+,Growth Expansion
HAL,2021-03,+,-,-,Shareholder Returns
HAL,2022-03,+,-,-,Reinvestor
HAL,2023-03,+,-,-,Reinvestor
HAL,2024-03,+,-,-,Reinvestor
HAL,2024-09,+,+,+,Cash Accumulation
HAVELLS,2013-03,+,-,-,Shareholder Returns
HAVELLS,2014-03,+,-,-,Reinvestor
HAVELLS,2015-03,+,-,-,Shareholder Returns
HAVELLS,2016-03,+,-,-,Shareholder Returns
HAVELLS,2017-03,+,-,-,Reinvestor
HAVELLS,2018-03,+,-,-,Reinvestor
HAVELLS,2019-03,+,+,-,Divest & Repay
HAVELLS,2020-03,+,-,-,Shareholder Returns
HAVELLS,2021-03,+,-,+,Growth Expansion
HAVELLS,2022-03,+,-,-,Reinvestor
HAVELLS,2023-03,+,+,-,Divest & Repay
HAVELLS,2024-03,+,-,-,Reinvestor
HAVELLS,2024-09,+,+,+,Cash Accumulation
HCLTECH,2013-06,+,-,-,Reinvestor
HCLTECH,2014-06,+,-,-,Reinvestor
HCLTECH,2015-06,+,-,-,Shareholder Returns
HCLTECH,2016-03,+,-,-,Shareholder Returns
HCLTECH,2017-03,+,-,-,Shareholder Returns
HCLTECH,2018-03,+,-,-,Shareholder Returns
HCLTECH,2019-03,+,-,-,Reinvestor
HCLTECH,2020-03,+,-,-,Reinvestor
HCLTECH,2021-03,+,-,-,Shareholder Returns
HCLTECH,2022-03,+,+,-,Divest & Repay
HCLTECH,2023-03,+,-,-,Shareholder Returns
HCLTECH,2024-03,+,-,-,Shareholder Returns
HCLTECH,2024-09,+,+,+,Cash Accumulation
HDFCBANK,2013-03,-,-,+,Distress
HDFCBANK,2014-03,+,-,+,Growth Expansion
HDFCBANK,2015-03,-,-,+,Distress
HDFCBANK,2016-03,-,-,+,Distress
HDFCBANK,2017-03,+,-,-,Shareholder Returns
HDFCBANK,2018-03,+,-,+,Growth Expansion
HDFCBANK,2019-03,-,-,+,Distress
HDFCBANK,2020-03,-,-,+,Distress
HDFCBANK,2021-03,+,-,-,Shareholder Returns
HDFCBANK,2022-03,-,-,+,Distress
HDFCBANK,2023-03,+,-,+,Growth Expansion
HDFCBANK,2024-03,+,+,-,Divest & Repay
HDFCLIFE,2013-03,-,-,-,Distress (Cash Burn)
HDFCLIFE,2014-03,-,-,-,Distress (Cash Burn)
HDFCLIFE,2015-03,+,-,-,Reinvestor
HDFCLIFE,2016-03,+,-,-,Reinvestor
HDFCLIFE,2017-03,+,-,-,Reinvestor
HDFCLIFE,2018-03,+,-,-,Reinvestor
HDFCLIFE,2019-03,+,-,-,Reinvestor
HDFCLIFE,2020-03,+,-,+,Growth Expansion
HDFCLIFE,2021-03,+,-,+,Growth Expansion
HDFCLIFE,2022-03,+,-,-,Reinvestor
HDFCLIFE,2023-03,+,-,+,Growth Expansion
HDFCLIFE,2024-03,+,-,-,Reinvestor
HDFCLIFE,2024-09,+,+,+,Cash Accumulation
HEROMOTOCO,2014-03,+,-,-,Reinvestor
HEROMOTOCO,2015-03,+,+,-,Divest & Repay
HEROMOTOCO,2016-03,+,-,-,Reinvestor
HEROMOTOCO,2017-03,+,-,-,Shareholder Returns
HEROMOTOCO,2018-03,+,-,-,Shareholder Returns
HEROMOTOCO,2019-03,+,+,-,Divest & Repay
HEROMOTOCO,2020-03,+,-,-,Reinvestor
HEROMOTOCO,2021-03,+,-,-,Reinvestor
HEROMOTOCO,2022-03,+,-,-,Shareholder Returns
HEROMOTOCO,2023-03,+,-,-,Shareholder Returns
HEROMOTOCO,2024-03,+,-,-,Shareholder Returns
HEROMOTOCO,2024-09,+,+,+,Cash Accumulation
HINDALCO,2013-03,+,-,+,Growth Expansion
HINDALCO,2014-03,+,-,+,Growth Expansion
HINDALCO,2015-03,+,-,-,Reinvestor
HINDALCO,2016-03,+,-,-,Shareholder Returns
HINDALCO,2017-03,+,-,-,Shareholder Returns
HINDALCO,2018-03,+,+,-,Divest & Repay
HINDALCO,2019-03,+,-,-,Shareholder Returns
HINDALCO,2020-03,+,-,+,Growth Expansion
HINDALCO,2021-03,+,-,-,Reinvestor
HINDALCO,2022-03,+,-,-,Reinvestor
HINDALCO,2023-03,+,-,-,Shareholder Returns
HINDALCO,2024-03,+,-,-,Reinvestor
HINDALCO,2024-09,+,+,+,Cash Accumulation
HINDUNILVR,2013-03,+,+,-,Divest & Repay
HINDUNILVR,2014-03,+,-,-,Shareholder Returns
HINDUNILVR,2015-03,+,+,-,Divest & Repay
HINDUNILVR,2016-03,+,-,-,Shareholder Returns
HINDUNILVR,2017-03,+,-,-,Shareholder Returns
HINDUNILVR,2018-03,+,-,-,Shareholder Returns
HINDUNILVR,2019-03,+,-,-,Shareholder Returns
HINDUNILVR,2020-03,+,+,-,Divest & Repay
HINDUNILVR,2021-03,+,-,-,Shareholder Returns
HINDUNILVR,2022-03,+,-,-,Shareholder Returns
HINDUNILVR,2023-03,+,-,-,Shareholder Returns
HINDUNILVR,2024-03,+,-,-,Shareholder Returns
HINDUNILVR,2024-09,+,+,+,Cash Accumulation
ICICIBANK,2013-03,+,-,+,Growth Expansion
ICICIBANK,2014-03,+,-,+,Growth Expansion
ICICIBANK,2015-03,-,-,+,Distress
ICICIBANK,2016-03,+,-,+,Growth Expansion
ICICIBANK,2017-03,+,-,-,Shareholder Returns
ICICIBANK,2018-03,+,-,+,Growth Expansion
ICICIBANK,2019-03,+,-,-,Reinvestor
ICICIBANK,2020-03,+,-,+,Growth Expansion
ICICIBANK,2021-03,+,-,-,Reinvestor
ICICIBANK,2022-03,+,-,+,Growth Expansion
ICICIBANK,2023-03,-,-,+,Distress
ICICIBANK,2024-03,+,-,+,Growth Expansion
ICICIGI,2013-03,+,-,+,Growth Expansion
ICICIGI,2014-03,+,-,+,Growth Expansion
ICICIGI,2015-03,-,+,-,Restructuring
ICICIGI,2016-03,+,-,-,Reinvestor
ICICIGI,2017-03,+,-,+,Growth Expansion
ICICIGI,2018-03,+,-,-,Reinvestor
ICICIGI,2019-03,+,-,-,Reinvestor
ICICIGI,2020-03,+,-,-,Reinvestor
ICICIGI,2021-03,+,-,-,Reinvestor
ICICIGI,2022-03,+,+,-,Divest & Repay
ICICIGI,2023-03,+,-,-,Reinvestor
ICICIGI,2024-03,+,-,-,Reinvestor
ICICIGI,2024-09,+,+,+,Cash Accumulation
ICICIPRULI,2013-03,-,+,-,Restructuring
ICICIPRULI,2014-03,-,+,-,Restructuring
ICICIPRULI,2015-03,+,-,-,Reinvestor
ICICIPRULI,2016-03,+,+,-,Divest & Repay
ICICIPRULI,2017-03,+,-,-,Shareholder Returns
ICICIPRULI,2018-03,+,-,-,Reinvestor
ICICIPRULI,2019-03,+,-,-,Reinvestor
ICICIPRULI,2020-03,+,-,-,Reinvestor
ICICIPRULI,2021-03,+,-,+,Growth Expansion
ICICIPRULI,2022-03,+,-,-,Reinvestor
ICICIPRULI,2023-03,+,-,-,Reinvestor
ICICIPRULI,2024-03,-,+,-,Restructuring
ICICIPRULI,2024-09,+,+,+,Cash Accumulation
INDIGO,2013-03,+,-,+,Growth Expansion
INDIGO,2014-03,+,-,+,Growth Expansion
INDIGO,2015-03,+,-,-,Shareholder Returns
INDIGO,2016-03,+,-,-,Reinvestor
INDIGO,2017-03,+,-,-,Reinvestor
INDIGO,2018-03,+,-,+,Growth Expansion
INDIGO,2019-03,+,-,-,Reinvestor
INDIGO,2020-03,+,-,-,Reinvestor
INDIGO,2021-03,-,+,-,Restructuring
INDIGO,2022-03,+,+,-,Divest & Repay
INDIGO,2023-03,+,-,-,Shareholder Returns
INDIGO,2024-03,+,-,-,Reinvestor
INDIGO,2024-09,+,+,+,Cash Accumulation
INDUSINDBK,2013-03,-,-,+,Distress
INDUSINDBK,2014-03,-,-,+,Distress
INDUSINDBK,2015-03,-,-,+,Distress
INDUSINDBK,2016-03,-,-,+,Distress
INDUSINDBK,2017-03,+,-,-,Shareholder Returns
INDUSINDBK,2018-03,-,-,+,Distress
INDUSINDBK,2019-03,-,-,+,Distress
INDUSINDBK,2020-03,-,+,+,Distress
INDUSINDBK,2021-03,+,-,-,Shareholder Returns
INDUSINDBK,2022-03,+,-,-,Shareholder Returns
INDUSINDBK,2023-03,-,-,+,Distress
INDUSINDBK,2024-03,-,-,-,Distress (Cash Burn)
INFY,2013-03,+,-,-,Shareholder Returns
INFY,2014-03,+,-,-,Shareholder Returns
INFY,2015-03,+,+,-,Divest & Repay
INFY,2016-03,+,-,-,Shareholder Returns
INFY,2017-03,+,-,-,Reinvestor
INFY,2018-03,+,+,-,Divest & Repay
INFY,2019-03,+,-,-,Shareholder Returns
INFY,2020-03,+,-,-,Shareholder Returns
INFY,2021-03,+,-,-,Shareholder Returns
INFY,2022-03,+,-,-,Shareholder Returns
INFY,2023-03,+,-,-,Shareholder Returns
INFY,2024-03,+,-,-,Shareholder Returns
INFY,2024-09,+,+,+,Cash Accumulation
IOC,2013-03,+,-,+,Growth Expansion
IOC,2014-03,+,-,-,Reinvestor
IOC,2015-03,+,-,-,Shareholder Returns
IOC,2016-03,+,-,-,Reinvestor
IOC,2017-03,+,-,-,Reinvestor
IOC,2018-03,+,-,-,Reinvestor
IOC,2019-03,+,-,+,Growth Expansion
IOC,2020-03,+,-,+,Growth Expansion
IOC,2021-03,+,-,-,Shareholder Returns
IOC,2022-03,+,-,-,Reinvestor
IOC,2023-03,+,-,-,Reinvestor
IOC,2024-03,+,-,-,Shareholder Returns
IOC,2024-09,+,+,+,Cash Accumulation
IRCTC,2015-03,+,-,-,Reinvestor
IRCTC,2016-03,+,+,-,Divest & Repay
IRCTC,2017-03,+,+,-,Divest & Repay
IRCTC,2018-03,+,+,-,Divest & Repay
IRCTC,2019-03,+,-,-,Reinvestor
IRCTC,2020-03,+,+,-,Divest & Repay
IRCTC,2021-03,+,-,-,Reinvestor
IRCTC,2022-03,+,-,-,Shareholder Returns
IRCTC,2023-03,+,-,-,Shareholder Returns
IRCTC,2024-03,+,-,-,Shareholder Returns
IRCTC,2024-09,+,+,+,Cash Accumulation
IRFC,2013-03,+,+,+,Cash Accumulation
IRFC,2014-03,+,+,+,Cash Accumulation
IRFC,2015-03,+,+,+,Cash Accumulation
IRFC,2016-03,-,+,+,Distress
IRFC,2017-03,-,+,+,Distress
IRFC,2018-03,-,+,+,Distress
IRFC,2019-03,-,+,+,Distress
IRFC,2020-03,-,+,+,Distress
IRFC,2021-03,-,+,+,Distress
IRFC,2022-03,-,-,+,Distress
IRFC,2023-03,-,+,+,Distress
IRFC,2024-03,+,-,-,Shareholder Returns
IRFC,2024-09,+,+,+,Cash Accumulation
ITC,2013-03,+,-,-,Reinvestor
ITC,2014-03,+,-,-,Shareholder Returns
ITC,2015-03,+,-,-,Reinvestor
ITC,2016-03,+,-,-,Shareholder Returns
ITC,2017-03,+,-,-,Shareholder Returns
ITC,2018-03,+,-,-,Reinvestor
ITC,2019-03,+,-,-,Shareholder Returns
ITC,2020-03,+,-,-,Shareholder Returns
ITC,2021-03,+,+,-,Divest & Repay
ITC,2022-03,+,-,-,Shareholder Returns
ITC,2023-03,+,-,-,Shareholder Returns
ITC,2024-03,+,+,-,Divest & Repay
ITC,2024-09,+,+,+,Cash Accumulation
JINDALSTEL,2013-03,+,-,+,Growth Expansion
JINDALSTEL,2014-03,+,-,+,Growth Expansion
JINDALSTEL,2015-03,+,-,+,Growth Expansion
JINDALSTEL,2016-03,+,-,-,Shareholder Returns
JINDALSTEL,2017-03,+,-,-,Shareholder Returns
JINDALSTEL,2018-03,+,-,-,Shareholder Returns
JINDALSTEL,2019-03,+,-,-,Shareholder Returns
JINDALSTEL,2020-03,+,-,-,Shareholder Returns
JINDALSTEL,2021-03,+,-,-,Shareholder Returns
JINDALSTEL,2022-03,+,-,-,Shareholder Returns
JINDALSTEL,2023-03,+,-,-,Reinvestor
JINDALSTEL,2024-03,+,-,+,Growth Expansion
JINDALSTEL,2024-09,+,+,+,Cash Accumulation
JIOFIN,2023-03,+,-,-,Reinvestor
JIOFIN,2024-03,-,+,-,Restructuring
JIOFIN,2024-09,+,+,+,Cash Accumulation
JSWENERGY,2013-03,+,-,-,Reinvestor
JSWENERGY,2014-03,+,-,-,Shareholder Returns
JSWENERGY,2015-03,+,-,-,Shareholder Returns
JSWENERGY,2016-03,+,-,-,Reinvestor
JSWENERGY,2017-03,+,-,-,Shareholder Returns
JSWENERGY,2018-03,+,-,-,Shareholder Returns
JSWENERGY,2019-03,+,-,-,Shareholder Returns
JSWENERGY,2020-03,+,+,-,Divest & Repay
JSWENERGY,2021-03,+,-,-,Shareholder Returns
JSWENERGY,2022-03,+,-,-,Reinvestor
JSWENERGY,2023-03,+,-,+,Growth Expansion
JSWENERGY,2024-03,+,-,+,Growth Expansion
JSWENERGY,2024-09,+,+,+,Cash Accumulation
JSWSTEEL,2013-03,+,-,-,Reinvestor
JSWSTEEL,2014-03,+,-,+,Growth Expansion
JSWSTEEL,2015-03,+,-,-,Reinvestor
JSWSTEEL,2016-03,+,-,-,Reinvestor
JSWSTEEL,2017-03,+,-,-,Reinvestor
JSWSTEEL,2018-03,+,-,-,Shareholder Returns
JSWSTEEL,2019-03,+,-,+,Growth Expansion
JSWSTEEL,2020-03,+,-,+,Growth Expansion
JSWSTEEL,2021-03,+,-,-,Reinvestor
JSWSTEEL,2022-03,+,-,-,Reinvestor
JSWSTEEL,2023-03,+,-,-,Reinvestor
JSWSTEEL,2024-03,+,-,-,Reinvestor
JSWSTEEL,2024-09,+,+,+,Cash Accumulation
KOTAKBANK,2013-03,+,-,+,Growth Expansion
KOTAKBANK,2014-03,+,-,-,Shareholder Returns
KOTAKBANK,2015-03,+,-,+,Growth Expansion
KOTAKBANK,2016-03,+,-,+,Growth Expansion
KOTAKBANK,2017-03,+,-,+,Growth Expansion
KOTAKBANK,2018-03,-,-,+,Distress
KOTAKBANK,2019-03,+,-,+,Growth Expansion
KOTAKBANK,2020-03,+,-,-,Reinvestor
KOTAKBANK,2021-03,+,-,-,Reinvestor
KOTAKBANK,2022-03,+,-,+,Growth Expansion
KOTAKBANK,2023-03,-,-,+,Distress
KOTAKBANK,2024-03,+,-,+,Growth Expansion
LICI,2019-03,+,+,-,Divest & Repay
LICI,2020-03,+,-,-,Reinvestor
LICI,2021-03,+,+,-,Divest & Repay
LICI,2022-03,-,+,+,Distress
LICI,2023-03,+,-,-,Reinvestor
LICI,2024-03,+,-,-,Reinvestor
LICI,2024-09,+,+,+,Cash Accumulation
LODHA,2011-03,+,+,+,Cash Accumulation
LODHA,2012-03,+,+,+,Cash Accumulation
LODHA,2015-03,+,+,+,Cash Accumulation
LODHA,2016-03,+,-,+,Growth Expansion
LODHA,2017-03,+,-,-,Reinvestor
LODHA,2018-03,+,-,+,Growth Expansion
LODHA,2019-03,-,-,+,Distress
LODHA,2020-03,+,+,-,Divest & Repay
LODHA,2021-03,+,+,-,Divest & Repay
LODHA,2022-03,+,+,-,Divest & Repay
LODHA,2023-03,+,+,-,Divest & Repay
LODHA,2024-03,+,-,+,Growth Expansion
LODHA,2024-09,+,+,+,Cash Accumulation
LT,2013-03,-,-,+,Distress
LT,2014-03,-,-,+,Distress
LT,2015-03,-,-,+,Distress
LT,2016-03,-,-,+,Distress
LT,2017-03,+,-,+,Growth Expansion
LT,2018-03,-,+,+,Distress
LT,2019-03,-,-,+,Distress
LT,2020-03,+,-,+,Growth Expansion
LT,2021-03,+,-,-,Shareholder Returns
LT,2022-03,+,-,-,Shareholder Returns
LT,2023-03,+,-,-,Shareholder Returns
LT,2024-03,+,+,-,Divest & Repay
LT,2024-09,+,+,+,Cash Accumulation
LTIM,2013-03,+,-,-,Shareholder Returns
LTIM,2014-03,+,+,-,Divest & Repay
LTIM,2015-03,+,-,-,Shareholder Returns
LTIM,2016-03,+,-,-,Shareholder Returns
LTIM,2017-03,+,-,-,Reinvestor
LTIM,2018-03,+,-,-,Reinvestor
LTIM,2019-03,+,-,-,Reinvestor
LTIM,2020-03,+,-,-,Shareholder Returns
LTIM,2021-03,+,-,-,Reinvestor
LTIM,2022-03,+,-,-,Shareholder Returns
LTIM,2023-03,+,-,-,Shareholder Returns
LTIM,2024-03,+,-,-,Reinvestor
LTIM,2024-09,+,+,+,Cash Accumulation
M&M,2013-03,-,-,+,Distress
M&M,2014-03,-,-,+,Distress
M&M,2015-03,+,-,+,Growth Expansion
M&M,2016-03,+,-,+,Growth Expansion
M&M,2017-03,+,-,+,Growth Expansion
M&M,2018-03,+,-,+,Growth Expansion
M&M,2019-03,-,-,+,Distress
M&M,2020-03,-,-,+,Distress
M&M,2021-03,+,-,+,Growth Expansion
M&M,2022-03,+,-,-,Shareholder Returns
M&M,2023-03,-,-,+,Distress
M&M,2024-03,-,-,+,Distress
M&M,2024-09,+,+,+,Cash Accumulation
MARUTI,2013-03,+,-,-,Reinvestor
MARUTI,2014-03,+,-,-,Reinvestor
MARUTI,2015-03,+,-,-,Reinvestor
MARUTI,2016-03,+,-,-,Reinvestor
MARUTI,2017-03,+,-,-,Reinvestor
MARUTI,2018-03,+,-,-,Reinvestor
MARUTI,2019-03,+,-,-,Reinvestor
MARUTI,2020-03,+,-,-,Shareholder Returns
MARUTI,2021-03,+,-,-,Reinvestor
MARUTI,2022-03,+,-,-,Shareholder Returns
MARUTI,2023-03,+,-,-,Reinvestor
MARUTI,2024-03,+,-,-,Reinvestor
MARUTI,2024-09,+,+,+,Cash Accumulation
MOTHERSON,2013-03,+,-,-,Reinvestor
MOTHERSON,2014-03,+,-,-,Reinvestor
MOTHERSON,2015-03,+,-,+,Growth Expansion
MOTHERSON,2016-03,+,-,-,Reinvestor
MOTHERSON,2017-03,+,-,+,Growth Expansion
MOTHERSON,2018-03,+,-,-,Reinvestor
MOTHERSON,2019-03,+,-,-,Reinvestor
MOTHERSON,2020-03,+,-,-,Shareholder Returns
MOTHERSON,2021-03,+,-,-,Shareholder Returns
MOTHERSON,2022-03,+,-,-,Reinvestor
MOTHERSON,2023-03,+,-,-,Shareholder Returns
MOTHERSON,2024-03,+,-,+,Growth Expansion
MOTHERSON,2024-09,+,+,+,Cash Accumulation
NAUKRI,2013-03,+,-,-,Reinvestor
NAUKRI,2014-03,+,-,+,Growth Expansion
NAUKRI,2015-03,+,-,+,Growth Expansion
NAUKRI,2016-03,+,-,-,Shareholder Returns
NAUKRI,2017-03,+,-,-,Reinvestor
NAUKRI,2018-03,+,-,-,Reinvestor
NAUKRI,2019-03,+,-,-,Shareholder Returns
NAUKRI,2020-03,+,+,-,Divest & Repay
NAUKRI,2021-03,+,-,+,Growth Expansion
NAUKRI,2022-03,+,-,+,Growth Expansion
NAUKRI,2023-03,+,-,+,Growth Expansion
NAUKRI,2024-03,+,-,+,Growth Expansion
NAUKRI,2024-09,+,+,+,Cash Accumulation
NESTLEIND,2013-12,+,-,-,Shareholder Returns
NESTLEIND,2014-12,+,-,-,Shareholder Returns
NESTLEIND,2015-12,+,-,-,Shareholder Returns
NESTLEIND,2016-12,+,-,-,Shareholder Returns
NESTLEIND,2017-12,+,-,-,Shareholder Returns
NESTLEIND,2018-12,+,-,-,Shareholder Returns
NESTLEIND,2019-12,+,+,-,Divest & Repay
NESTLEIND,2020-12,+,-,-,Shareholder Returns
NESTLEIND,2021-12,+,-,-,Shareholder Returns
NESTLEIND,2022-12,+,-,-,Shareholder Returns
NESTLEIND,2023-12,+,-,-,Shareholder Returns
NESTLEIND,2024-03,+,-,-,Shareholder Returns
NESTLEIND,2024-09,+,+,+,Cash Accumulation
NHPC,2013-03,+,-,-,Shareholder Returns
NHPC,2014-03,+,-,-,Shareholder Returns
NHPC,2015-03,+,-,-,Shareholder Returns
NHPC,2016-03,+,-,-,Shareholder Returns
NHPC,2017-03,+,-,-,Shareholder Returns
NHPC,2018-03,+,-,-,Shareholder Returns
NHPC,2019-03,+,-,-,Shareholder Returns
NHPC,2020-03,+,-,+,Growth Expansion
NHPC,2021-03,+,-,-,Shareholder Returns
NHPC,2022-03,+,-,-,Reinvestor
NHPC,2023-03,+,-,-,Reinvestor
NHPC,2024-03,+,-,-,Reinvestor
NHPC,2024-09,+,+,+,Cash Accumulation
NTPC,2013-03,+,-,+,Growth Expansion
NTPC,2014-03,+,-,-,Reinvestor
NTPC,2015-03,+,-,-,Reinvestor
NTPC,2016-03,+,-,-,Reinvestor
NTPC,2017-03,+,-,+,Growth Expansion
NTPC,2018-03,+,-,+,Growth Expansion
NTPC,2019-03,+,-,+,Growth Expansion
NTPC,2020-03,+,-,+,Growth Expansion
NTPC,2021-03,+,-,-,Reinvestor
NTPC,2022-03,+,-,-,Reinvestor
NTPC,2023-03,+,-,-,Reinvestor
NTPC,2024-03,+,-,-,Reinvestor
NTPC,2024-09,+,+,+,Cash Accumulation
ONGC,2013-03,+,-,-,Reinvestor
ONGC,2014-03,+,-,+,Growth Expansion
ONGC,2015-03,+,-,-,Reinvestor
ONGC,2016-03,+,-,-,Reinvestor
ONGC,2017-03,+,-,-,Reinvestor
ONGC,2018-03,+,-,+,Growth Expansion
ONGC,2019-03,+,-,-,Reinvestor
ONGC,2020-03,+,-,-,Reinvestor
ONGC,2021-03,+,-,-,Reinvestor
ONGC,2022-03,+,-,-,Reinvestor
ONGC,2023-03,+,-,-,Reinvestor
ONGC,2024-03,+,-,-,Reinvestor
ONGC,2024-09,+,+,+,Cash Accumulation
PFC,2013-03,-,+,+,Distress
PFC,2014-03,-,+,+,Distress
PFC,2015-03,-,-,+,Distress
PFC,2016-03,-,-,+,Distress
PFC,2017-03,+,-,+,Growth Expansion
PFC,2018-03,-,+,+,Distress
PFC,2019-03,-,-,+,Distress
PFC,2020-03,-,-,+,Distress
PFC,2021-03,-,+,+,Distress
PFC,2022-03,+,-,-,Shareholder Returns
PFC,2023-03,-,-,+,Distress
PFC,2024-03,-,-,+,Distress
PFC,2024-09,+,+,+,Cash Accumulation
PIDILITIND,2013-03,+,-,-,Shareholder Returns
PIDILITIND,2014-03,+,-,-,Shareholder Returns
PIDILITIND,2015-03,+,-,-,Reinvestor
PIDILITIND,2016-03,+,-,-,Reinvestor
PIDILITIND,2017-03,+,-,+,Growth Expansion
PIDILITIND,2018-03,+,+,-,Divest & Repay
PIDILITIND,2019-03,+,-,-,Reinvestor
PIDILITIND,2020-03,+,+,-,Divest & Repay
PIDILITIND,2021-03,+,-,-,Reinvestor
PIDILITIND,2022-03,+,-,-,Reinvestor
PIDILITIND,2023-03,+,-,-,Reinvestor
PIDILITIND,2024-03,+,-,-,Reinvestor
PIDILITIND,2024-09,+,+,+,Cash Accumulation
PNB,2013-03,-,-,-,Distress (Cash Burn)
PNB,2014-03,+,-,+,Growth Expansion
PNB,2015-03,+,-,+,Growth Expansion
PNB,2016-03,+,-,+,Growth Expansion
PNB,2017-03,+,+,-,Divest & Repay
PNB,2018-03,-,+,+,Distress
PNB,2019-03,-,-,+,Distress
PNB,2020-03,-,-,+,Distress
PNB,2021-03,+,-,+,Growth Expansion
PNB,2022-03,+,-,+,Growth Expansion
PNB,2023-03,+,-,+,Growth Expansion
PNB,2024-03,-,-,+,Distress
POWERGRID,2013-03,+,-,+,Growth Expansion
POWERGRID,2014-03,+,-,+,Growth Expansion
POWERGRID,2015-03,+,-,+,Growth Expansion
POWERGRID,2016-03,+,-,+,Growth Expansion
POWERGRID,2017-03,+,-,+,Growth Expansion
POWERGRID,2018-03,+,-,+,Growth Expansion
POWERGRID,2019-03,+,-,-,Reinvestor
POWERGRID,2020-03,+,-,-,Shareholder Returns
POWERGRID,2021-03,+,-,-,Shareholder Returns
POWERGRID,2022-03,+,+,-,Divest & Repay
POWERGRID,2023-03,+,-,-,Shareholder Returns
POWERGRID,2024-03,+,-,-,Shareholder Returns
POWERGRID,2024-09,+,+,+,Cash Accumulation
RECLTD,2013-03,-,+,+,Distress
RECLTD,2014-03,-,+,+,Distress
RECLTD,2015-03,-,+,+,Distress
RECLTD,2016-03,-,-,+,Distress
RECLTD,2017-03,+,-,-,Shareholder Returns
RECLTD,2018-03,-,+,+,Distress
RECLTD,2019-03,-,+,+,Distress
RECLTD,2020-03,-,+,+,Distress
RECLTD,2021-03,-,+,+,Distress
RECLTD,2022-03,-,-,+,Distress
RECLTD,2023-03,-,-,+,Distress
RECLTD,2024-03,-,-,+,Distress
RECLTD,2024-09,+,+,+,Cash Accumulation
RELIANCE,2013-03,+,-,+,Growth Expansion
RELIANCE,2014-03,+,-,+,Growth Expansion
RELIANCE,2015-03,+,-,+,Growth Expansion
RELIANCE,2016-03,+,-,-,Reinvestor
RELIANCE,2017-03,+,-,+,Growth Expansion
RELIANCE,2018-03,+,-,-,Reinvestor
RELIANCE,2019-03,+,-,+,Growth Expansion
RELIANCE,2020-03,+,-,-,Reinvestor
RELIANCE,2021-03,+,-,+,Growth Expansion
RELIANCE,2022-03,+,-,+,Growth Expansion
RELIANCE,2023-03,+,-,+,Growth Expansion
RELIANCE,2024-03,+,-,-,Reinvestor
RELIANCE,2024-09,+,+,+,Cash Accumulation
SBILIFE,2013-03,+,-,-,Reinvestor
SBILIFE,2014-03,+,-,-,Reinvestor
SBILIFE,2015-03,+,-,-,Reinvestor
SBILIFE,2016-03,+,-,-,Reinvestor
SBILIFE,2017-03,+,-,-,Reinvestor
SBILIFE,2018-03,+,-,-,Reinvestor
SBILIFE,2019-03,+,-,-,Reinvestor
SBILIFE,2020-03,+,-,-,Reinvestor
SBILIFE,2021-03,+,-,+,Growth Expansion
SBILIFE,2022-03,+,-,-,Reinvestor
SBILIFE,2023-03,+,-,-,Reinvestor
SBILIFE,2024-03,+,-,-,Reinvestor
SBILIFE,2024-09,+,+,+,Cash Accumulation
SBIN,2013-03,+,-,-,Shareholder Returns
SBIN,2014-03,+,-,+,Growth Expansion
SBIN,2015-03,+,-,-,Reinvestor
SBIN,2016-03,+,-,+,Growth Expansion
SBIN,2017-03,+,-,-,Reinvestor
SBIN,2018-03,-,+,+,Distress
SBIN,2019-03,+,+,+,Cash Accumulation
SBIN,2020-03,+,-,+,Growth Expansion
SBIN,2021-03,+,-,+,Growth Expansion
SBIN,2022-03,+,-,-,Shareholder Returns
SBIN,2023-03,-,-,+,Distress
SBIN,2024-03,+,-,-,Shareholder Returns
SHREECEM,2013-06,+,-,-,Shareholder Returns
SHREECEM,2014-06,+,-,-,Reinvestor
SHREECEM,2015-06,+,-,-,Reinvestor
SHREECEM,2016-03,+,-,-,Reinvestor
SHREECEM,2017-03,+,-,-,Reinvestor
SHREECEM,2018-03,+,-,+,Growth Expansion
SHREECEM,2019-03,+,-,-,Shareholder Returns
SHREECEM,2020-03,+,-,+,Growth Expansion
SHREECEM,2021-03,+,-,-,Reinvestor
SHREECEM,2022-03,+,-,-,Reinvestor
SHREECEM,2023-03,+,-,-,Reinvestor
SHREECEM,2024-03,+,-,-,Shareholder Returns
SHREECEM,2024-09,+,+,+,Cash Accumulation
SHRIRAMFIN,2013-03,-,-,+,Distress
SHRIRAMFIN,2014-03,-,-,+,Distress
SHRIRAMFIN,2015-03,-,-,+,Distress
SHRIRAMFIN,2016-03,-,-,+,Distress
SHRIRAMFIN,2017-03,-,-,+,Distress
SHRIRAMFIN,2018-03,-,+,+,Distress
SHRIRAMFIN,2019-03,-,-,+,Distress
SHRIRAMFIN,2020-03,-,-,+,Distress
SHRIRAMFIN,2021-03,-,-,+,Distress
SHRIRAMFIN,2022-03,-,-,+,Distress
SHRIRAMFIN,2023-03,-,+,+,Distress
SHRIRAMFIN,2024-03,-,-,+,Distress
SHRIRAMFIN,2024-09,+,+,+,Cash Accumulation
SIEMENS,2011-09,+,+,-,Divest & Repay
SIEMENS,2014-09,+,+,-,Divest & Repay
SIEMENS,2015-09,+,+,-,Divest & Repay
SIEMENS,2016-09,+,+,-,Divest & Repay
SIEMENS,2017-09,+,+,-,Divest & Repay
SIEMENS,2018-09,+,-,-,Shareholder Returns
SIEMENS,2019-09,+,-,-,Reinvestor
SIEMENS,2020-09,+,+,-,Divest & Repay
SIEMENS,2021-09,+,-,-,Reinvestor
SIEMENS,2022-09,+,-,-,Shareholder Returns
SIEMENS,2023-09,+,-,-,Reinvestor
SIEMENS,2024-09,+,-,-,Shareholder Returns
SUNPHARMA,2013-03,+,-,-,Reinvestor
SUNPHARMA,2014-03,+,-,+,Growth Expansion
SUNPHARMA,2015-03,+,-,-,Reinvestor
SUNPHARMA,2016-03,+,-,-,Reinvestor
SUNPHARMA,2017-03,+,-,-,Reinvestor
SUNPHARMA,2018-03,+,-,-,Reinvestor
SUNPHARMA,2019-03,+,-,-,Shareholder Returns
SUNPHARMA,2020-03,+,-,-,Shareholder Returns
SUNPHARMA,2021-03,+,+,-,Divest & Repay
SUNPHARMA,2022-03,+,-,-,Reinvestor
SUNPHARMA,2023-03,+,-,+,Growth Expansion
SUNPHARMA,2024-03,+,-,-,Shareholder Returns
SUNPHARMA,2024-09,+,+,+,Cash Accumulation
TATACONSUM,2013-03,+,+,+,Cash Accumulation
TATACONSUM,2014-03,+,-,-,Shareholder Returns
TATACONSUM,2015-03,+,-,-,Shareholder Returns
TATACONSUM,2016-03,+,+,-,Divest & Repay
TATACONSUM,2017-03,+,+,-,Divest & Repay
TATACONSUM,2018-03,+,-,-,Reinvestor
TATACONSUM,2019-03,+,+,-,Divest & Repay
TATACONSUM,2020-03,+,-,-,Reinvestor
TATACONSUM,2021-03,+,-,-,Shareholder Returns
TATACONSUM,2022-03,+,-,-,Reinvestor
TATACONSUM,2023-03,+,-,-,Reinvestor
TATACONSUM,2024-03,+,-,+,Growth Expansion
TATACONSUM,2024-09,+,+,+,Cash Accumulation
TATAMOTORS,2013-03,+,-,-,Reinvestor
TATAMOTORS,2014-03,+,-,-,Reinvestor
TATAMOTORS,2015-03,+,-,+,Growth Expansion
TATAMOTORS,2016-03,+,-,-,Reinvestor
TATAMOTORS,2017-03,+,-,+,Growth Expansion
TATAMOTORS,2018-03,+,-,+,Growth Expansion
TATAMOTORS,2019-03,+,-,+,Growth Expansion
TATAMOTORS,2020-03,+,-,+,Growth Expansion
TATAMOTORS,2021-03,+,-,+,Growth Expansion
TATAMOTORS,2022-03,+,-,-,Reinvestor
TATAMOTORS,2023-03,+,-,-,Shareholder Returns
TATAMOTORS,2024-03,+,-,-,Shareholder Returns
TATAMOTORS,2024-09,+,+,+,Cash Accumulation
TATAPOWER,2013-03,+,-,-,Reinvestor
TATAPOWER,2014-03,+,-,-,Reinvestor
TATAPOWER,2015-03,+,-,-,Reinvestor
TATAPOWER,2016-03,+,-,-,Shareholder Returns
TATAPOWER,2017-03,+,-,+,Growth Expansion
TATAPOWER,2018-03,+,-,-,Shareholder Returns
TATAPOWER,2019-03,+,-,-,Shareholder Returns
TATAPOWER,2020-03,+,-,-,Shareholder Returns
TATAPOWER,2021-03,+,+,-,Divest & Repay
TATAPOWER,2022-03,+,-,-,Reinvestor
TATAPOWER,2023-03,+,-,+,Growth Expansion
TATAPOWER,2024-03,+,-,-,Reinvestor
TATAPOWER,2024-09,+,+,+,Cash Accumulation
TATASTEEL,2013-03,+,-,-,Reinvestor
TATASTEEL,2014-03,+,-,+,Growth Expansion
TATASTEEL,2015-03,+,-,-,Reinvestor
TATASTEEL,2016-03,+,-,-,Reinvestor
TATASTEEL,2017-03,+,-,-,Reinvestor
TATASTEEL,2018-03,+,-,+,Growth Expansion
TATASTEEL,2019-03,+,-,-,Reinvestor
TATASTEEL,2020-03,+,-,-,Reinvestor
TATASTEEL,2021-03,+,-,-,Shareholder Returns
TATASTEEL,2022-03,+,-,-,Shareholder Returns
TATASTEEL,2023-03,+,-,-,Reinvestor
TATASTEEL,2024-03,+,-,-,Reinvestor
TATASTEEL,2024-09,+,+,+,Cash Accumulation
TCS,2013-03,+,-,-,Reinvestor
TCS,2014-03,+,-,-,Reinvestor
TCS,2015-03,+,-,-,Shareholder Returns
TCS,2016-03,+,-,-,Shareholder Returns
TCS,2017-03,+,-,-,Reinvestor
TCS,2018-03,+,+,-,Divest & Repay
TCS,2019-03,+,+,-,Divest & Repay
TCS,2020-03,+,+,-,Divest & Repay
TCS,2021-03,+,-,-,Shareholder Returns
TCS,2022-03,+,-,-,Shareholder Returns
TCS,2023-03,+,+,-,Divest & Repay
TCS,2024-03,+,+,-,Divest & Repay
TCS,2024-09,+,+,+,Cash Accumulation
TECHM,2013-03,+,-,+,Growth Expansion
TECHM,2014-03,+,+,-,Divest & Repay
TECHM,2015-03,+,-,-,Reinvestor
TECHM,2016-03,+,-,-,Reinvestor
TECHM,2017-03,+,-,-,Reinvestor
TECHM,2018-03,+,-,-,Reinvestor
TECHM,2019-03,+,-,-,Shareholder Returns
TECHM,2020-03,+,+,-,Divest & Repay
TECHM,2021-03,+,-,-,Reinvestor
TECHM,2022-03,+,+,-,Divest & Repay
TECHM,2023-03,+,-,-,Shareholder Returns
TECHM,2024-03,+,-,-,Shareholder Returns
TECHM,2024-09,+,+,+,Cash Accumulation
TITAN,2013-03,+,-,-,Shareholder Returns
TITAN,2014-03,-,-,+,Distress
TITAN,2015-03,+,-,-,Shareholder Returns
TITAN,2016-03,+,-,-,Shareholder Returns
TITAN,2017-03,+,-,-,Reinvestor
TITAN,2018-03,-,+,-,Restructuring
TITAN,2019-03,+,-,-,Reinvestor
TITAN,2020-03,-,+,-,Restructuring
TITAN,2021-03,+,-,-,Reinvestor
TITAN,2022-03,-,+,-,Restructuring
TITAN,2023-03,+,-,+,Growth Expansion
TITAN,2024-03,+,-,-,Shareholder Returns
TITAN,2024-09,+,+,+,Cash Accumulation
TORNTPHARM,2013-03,+,-,+,Growth Expansion
TORNTPHARM,2014-03,+,-,+,Growth Expansion
TORNTPHARM,2015-03,+,-,+,Growth Expansion
TORNTPHARM,2016-03,+,-,-,Shareholder Returns
TORNTPHARM,2017-03,+,-,-,Reinvestor
TORNTPHARM,2018-03,+,-,+,Growth Expansion
TORNTPHARM,2019-03,+,-,-,Shareholder Returns
TORNTPHARM,2020-03,+,+,-,Divest & Repay
TORNTPHARM,2021-03,+,-,-,Shareholder Returns
TORNTPHARM,2022-03,+,-,-,Shareholder Returns
TORNTPHARM,2023-03,+,-,+,Growth Expansion
TORNTPHARM,2024-03,+,-,-,Shareholder Returns
TORNTPHARM,2024-09,+,+,+,Cash Accumulation
TRENT,2013-03,+,-,+,Growth Expansion
TRENT,2014-03,-,-,-,Distress (Cash Burn)
TRENT,2015-03,-,-,+,Distress
TRENT,2016-03,+,-,-,Reinvestor
TRENT,2017-03,+,-,-,Shareholder Returns
TRENT,2018-03,+,-,-,Shareholder Returns
TRENT,2019-03,+,-,+,Growth Expansion
TRENT,2020-03,+,-,+,Growth Expansion
TRENT,2021-03,+,+,-,Divest & Repay
TRENT,2022-03,+,+,-,Divest & Repay
TRENT,2023-03,+,-,-,Shareholder Returns
TRENT,2024-03,+,-,-,Shareholder Returns
TRENT,2024-09,+,+,+,Cash Accumulation
TVSMOTOR,2013-03,+,-,-,Shareholder Returns
TVSMOTOR,2014-03,+,-,-,Reinvestor
TVSMOTOR,2015-03,+,-,+,Growth Expansion
TVSMOTOR,2016-03,+,-,-,Reinvestor
TVSMOTOR,2017-03,+,-,-,Reinvestor
TVSMOTOR,2018-03,+,-,+,Growth Expansion
TVSMOTOR,2019-03,-,-,+,Distress
TVSMOTOR,2020-03,+,-,+,Growth Expansion
TVSMOTOR,2021-03,+,-,+,Growth Expansion
TVSMOTOR,2022-03,-,-,+,Distress
TVSMOTOR,2023-03,-,-,+,Distress
TVSMOTOR,2024-03,-,-,+,Distress
TVSMOTOR,2024-09,+,+,+,Cash Accumulation
